name,pred,exp_tm
6IBB,49.596282958984375,72.12
5MP2,52.53326797485352,70.27
6XW6,51.28572082519531,66.07
7BC6,54.88143157958984,63.0
5MY6,52.44847869873047,74.28
6SC5,52.89253616333008,65.24
6RTW,52.23490524291992,64.21
1ZVY,48.33568954467773,65.1
7DSS,50.08809280395508,67.53
7AZB,52.73101043701172,59.91
5IP4,52.208892822265625,63.24
3K81,51.299583435058594,64.1
3QXV,48.1946907043457,67.24
6RL7,50.81018829345703,72.09
5L21,51.665809631347656,66.86
6DBD,51.907501220703125,65.6
7NQA,51.964447021484375,65.87
6UI1,56.07176971435547,67.83
6X05,49.94430923461914,66.67
7B27,50.291046142578125,65.74
1BZQ_NbThermo.00491,51.4462890625,70.11
1JTO_NbThermo.00112,46.77108383178711,67.01
1KXT,52.68926239013672,57.85
1KXV,53.88082885742188,56.99
1QD0,48.65983581542969,66.56
1RI8,50.632110595703125,78.14
2BSE,50.37520599365234,75.23
2X6M,51.67774200439453,67.13
3DWT_NbThermo.00113_NbThermo.00133,51.217803955078125,77.72
3EBA,52.20658874511719,86.21
3G9A,48.60871505737305,66.55
3J69,53.78173828125,66.03
3J6A,49.52033996582031,69.02
3P9W,52.51749420166016,60.0
3SN6,51.63587188720703,60.26
4B5E,52.14435577392578,61.66
4C57,53.10418701171875,63.78
4I0C,50.319671630859375,75.79
4I13,50.339168548583984,65.39
4IDL,51.23664093017578,53.76
4LJP,53.21015167236328,71.72
4LJS,52.74517822265625,72.49
4QGY,50.01407241821289,74.65
4YGA,51.88712310791016,73.41
4Z9K_NbThermo.00231,54.12370681762695,73.49
5C1M,49.00015258789063,61.35
5FOJ,48.680152893066406,70.81
5J56,51.59612274169922,73.74
5KU2,49.60416030883789,55.16
5M2M,51.04601287841797,74.98
5NM0,51.70054626464844,72.73
5O03,50.14496612548828,69.2
5OCL,50.73027038574219,71.69
5OVW,49.45075988769531,76.47
5TD8,52.08809661865234,66.55
5TJW,50.7192268371582,66.25
5U64,51.88682556152344,73.39
5VLV,49.05027770996094,69.62
5VM4,51.54951095581055,72.93
5VXK,50.9805908203125,65.75
6CK8,49.81153869628906,66.66
6EQI,51.70106506347656,62.47
6FYU,53.80587005615234,64.58
6GWN,49.45698547363281,64.42
6HEQ,52.71508026123047,60.61
6HHU,49.71183395385742,70.29
6I2G,50.29806900024414,61.03
6I8H,51.45285034179688,66.04
6ITP,55.53239440917969,68.38
6KNM,52.046180725097656,69.42
6KSN,50.35958099365234,63.03
6OBC,52.33134460449219,64.04
6OQ5,52.82320022583008,65.81
6OS1,52.70466613769531,71.54
6QKD,49.18007659912109,69.2
6QV1,48.90903472900391,63.83
6RAF,50.04269409179688,86.19
6U12,52.165184020996094,61.28
6U50,53.0816535949707,57.07
6U53,52.10060501098633,65.19
6X02,46.93296813964844,76.46
6X03,49.19950866699219,66.97
6XXN,51.29375457763672,80.66
7B18,54.88476943969727,66.14
7E9G,53.67285919189453,59.28
7JVB_NbThermo.00028,53.07170104980469,72.91
7KBI,51.968299865722656,63.45
7MJH,51.962493896484375,59.64
7MY3,50.34944152832031,60.89
7NQK,51.45195007324219,66.46
7OAN,49.91279220581055,67.55
7OAP,50.62858581542969,69.0
7OLZ,52.38181686401367,68.79
sdAb.4875,52.46455764770508,84.2
7KGJ,53.09362030029297,61.6
NbPep1_NbThermo.00045,52.04772567749024,71.86
NbPep2_NbThermo.00046,51.16279983520508,76.13
NbD1_NbThermo.00047,52.79353332519531,65.94
NbPep3_NbThermo.00048,51.43035888671875,60.68
NbPep4_NbThermo.00049,50.33438873291016,67.33
NbD9_NbThermo.00050,53.8924446105957,63.12
NbD8_NbThermo.00051,52.454925537109375,57.2
NbPep5_NbThermo.00052,53.850982666015625,70.44
NbPep7_NbThermo.00054,51.87339019775391,68.49
NbD6_NbThermo.00056,48.43260955810547,70.75
NbPep9_NbThermo.00057,55.62269592285156,72.41
NbPep13_NbThermo.00061,52.02605819702149,69.19
NbPep14_NbThermo.00062,51.05955123901367,72.02
NbPep15_NbThermo.00063,50.915157318115234,67.08
NbPep16_NbThermo.00064,52.57997512817383,74.44
NbPep17_NbThermo.00065,51.96004486083984,71.28
NbPep18_NbThermo.00066,50.73864364624024,70.65
NbD4_NbThermo.00069,49.69559860229492,57.46
NbD3_NbThermo.00085,53.28959655761719,68.48
NbD2_NbThermo.00086,50.49094009399414,66.53
NbD5_NbThermo.00087,52.55699157714844,58.19
NbPep47_NbThermo.00095,51.63017272949219,67.06
NbPep50_NbThermo.00096,52.6672248840332,62.39
NbPep51_NbThermo.00097,51.16672134399414,72.45
NbPep52_NbThermo.00098,50.42378234863281,59.0
NbPep10_NbThermo.00058,52.09268951416016,84.58
NbPep11_NbThermo.00059,51.0245361328125,68.0
NbPep12_NbThermo.00060,50.53623962402344,68.57
NbPep19_NbThermo.00067,51.48702239990234,71.43
NbD12_NbThermo.00070,52.76013946533203,61.46
NbPep21_NbThermo.00071,51.73249053955078,68.73
NbPep22_NbThermo.00072,49.75280380249024,69.54
NbPep23_NbThermo.00073,51.910400390625,69.63
NbPep24_NbThermo.00074,51.74011993408203,76.09
NbPep25_NbThermo.00075,51.35274124145508,68.33
NbD10_NbThermo.00076,52.696380615234375,59.54
NbPep26_NbThermo.00077,50.7462272644043,72.88
NbPep27_NbThermo.00078,51.73793029785156,85.8
NbPep28_NbThermo.00079,55.52851867675781,63.9
NbPep29_NbThermo.00080,52.496212005615234,55.1
NbPep30_NbThermo.00081,52.07178115844727,75.95
NbPep31_NbThermo.00082,50.9871826171875,62.82
NbPep32_NbThermo.00083,53.878177642822266,58.85
NbPep33_NbThermo.00084,51.02505874633789,74.37
NbD11_NbThermo.00088,53.95315933227539,60.24
NbPep34_NbThermo.00089,55.61392211914063,71.37
NbPep35_NbThermo.00090,49.220848083496094,70.51
NbPep36_NbThermo.00091,52.956275939941406,74.55
NbPep37_NbThermo.00092,50.77124786376953,72.37
NbPep38_NbThermo.00093,51.28335189819336,79.74
NbPep39_NbThermo.00094,51.54449081420898,76.28
NbPep55_NbThermo.00101,48.5247802734375,75.68
NbPep57_NbThermo.00103,50.82412338256836,71.72
NbPep60_NbThermo.00104,50.9071159362793,79.41
NbPep61_NbThermo.00105,50.42684173583984,74.55
NbPep62_NbThermo.00106,48.90062713623047,74.65
NbPep64_NbThermo.00107,52.320011138916016,74.55
NbPep65_NbThermo.00108,49.81235885620117,73.88
NbPep66_NbThermo.00109,52.54353332519531,66.96
NbPep67,52.659427642822266,59.64
NbPep68_NbThermo.00110,52.526004791259766,68.23
NbPep69_NbThermo.00111,50.98445129394531,63.57
NbPep54_NbThermo.00100,50.43343353271485,76.58
NbPep56_NbThermo.00102,52.37926864624024,74.08
1.1yc7_NbThermo.00141_NbThermo.00149,52.5169677734375,70.94
2.4u05_NbThermo.00372,50.30463409423828,83.44
3.6ul4,51.03015899658203,70.59
4.Nb24,50.29451751708984,64.97
5.Nb24.H,49.73970031738281,68.38
6.Nb24.HR,50.002471923828125,72.1
7.Nb24.B,50.87192535400391,69.74
8.Nb24.BR,50.83839797973633,75.84
9.Nb24.L,51.554718017578125,66.87
10.mNb6.H,51.53751754760742,62.59
11.mNb6.B,50.890995025634766,60.6
12.mNb6.BR,52.79593276977539,61.8
14.mNb6.L2,52.935035705566406,55.42
15.C1.K,50.89292907714844,74.83
16.C1.I,50.95537185668945,73.58
17.aGFP_NbThermo.00144_NbThermo.00279,54.228553771972656,67.64
19.1mel.T28C,47.365699768066406,57.61
26.HET.A111C,52.87670135498047,75.13
27.HET.A112C,52.62149429321289,74.59
29.K9.A112C,55.30970764160156,74.05
30.PL,53.53468322753906,75.65
31.QP,53.17222595214844,77.74
32.aS49,54.285064697265625,75.72
33.aS46,55.06456756591797,77.59
34.P2,53.65648651123047,78.34
35.C1,51.05002212524414,77.06
36.mNb6,51.40591812133789,55.31
37.CT1,50.11642456054688,53.44
38.NB201,53.4524040222168,73.46
39.Nb24.G114C,50.36981964111328,56.4
40.P1T,53.03309631347656,82.41
43.C2T,52.83835983276367,78.69
44.T2T,54.42747497558594,78.38
45.D3,51.06751251220703,70.15
NbThermo.00001,55.18382263183594,67.5
NbThermo.00003,52.07374572753906,62.0
NbThermo.00005,50.73900604248047,70.0
NbThermo.00011,50.54405975341797,67.5
NbThermo.00015,54.22692108154297,54.4
NbThermo.00016,54.197452545166016,56.5
NbThermo.00017,52.83501052856445,62.1
NbThermo.00018,54.38981628417969,78.4
NbThermo.00019,51.30204391479492,72.3
NbThermo.00020,50.71909332275391,75.44
NbThermo.00021,51.2003173828125,73.37
NbThermo.00022,52.01495361328125,78.98
NbThermo.00023,51.23223114013672,71.26
NbThermo.00024,52.00626373291016,98.23
NbThermo.00025,51.19965744018555,71.07
NbThermo.00026,52.24678802490234,66.9
NbThermo.00027,52.65121841430664,67.6
NbThermo.00029,53.03453826904297,72.8
NbThermo.00030,51.75799560546875,65.9
NbThermo.00031,49.98834228515625,74.4
NbThermo.00032,51.643821716308594,57.9
NbThermo.00033,52.92560958862305,57.9
NbThermo.00034,52.84587097167969,49.6
NbThermo.00035,51.61827850341797,75.6
NbThermo.00036,56.552024841308594,51.8
NbThermo.00039,50.08615112304688,54.5
NbThermo.00040,55.24603271484375,58.0
NbThermo.00041,50.64176940917969,58.0
NbThermo.00042,49.75787353515625,53.0
NbThermo.00043,48.68698120117188,58.0
NbThermo.00044,52.81229019165039,68.0
NbThermo.00099,52.21256256103516,69.47366501
NbThermo.00114,51.19889831542969,62.0
NbThermo.00115,54.07049560546875,68.0
NbThermo.00116_NbThermo.00130,52.22129821777344,77.85
NbThermo.00117,50.55142211914063,60.0
NbThermo.00118,51.79617691040039,84.2
NbThermo.00119,51.87275695800781,76.2
NbThermo.00120,52.473541259765625,79.4
NbThermo.00121,52.08080673217773,82.5
NbThermo.00122,51.949668884277344,78.4
NbThermo.00123,52.85820007324219,79.5
NbThermo.00124,51.77849197387695,70.0
NbThermo.00125,52.69692611694336,79.9
NbThermo.00126,51.42673110961914,79.6
NbThermo.00127,51.57044219970703,72.0
NbThermo.00128,51.29963684082031,74.3
NbThermo.00129,53.04637908935547,63.4
NbThermo.00131,54.01145935058594,51.5
NbThermo.00132,53.560184478759766,61.9
NbThermo.00134,50.12033081054688,60.2
NbThermo.00135,51.39140701293945,87.0
NbThermo.00136,50.16206359863281,70.0
NbThermo.00137,50.64764404296875,82.0
NbThermo.00138,48.99858093261719,65.6
NbThermo.00139,50.91225814819336,90.0
NbThermo.00140,49.24398040771485,71.4
NbThermo.00142,53.80433654785156,90.0
NbThermo.00143,53.30270385742188,89.0
NbThermo.00145,54.58603286743164,60.3
NbThermo.00146,54.239139556884766,75.7
NbThermo.00147,55.59540939331055,76.2
NbThermo.00148,55.09199523925781,85.0
NbThermo.00150,52.70914840698242,61.0
NbThermo.00151,52.418853759765625,60.0
NbThermo.00152,51.97539138793945,61.0
NbThermo.00153,52.14643859863281,59.0
NbThermo.00154,51.866092681884766,62.0
NbThermo.00155,52.32740783691406,57.0
NbThermo.00156,52.61441802978516,60.0
NbThermo.00158,51.62394714355469,53.0
NbThermo.00159,51.52519989013672,53.0
NbThermo.00160,51.342681884765625,57.0
NbThermo.00161,51.80995941162109,53.0
NbThermo.00162,51.52557373046875,51.0
NbThermo.00163,51.78559112548828,53.0
NbThermo.00164,47.30622482299805,59.0
NbThermo.00165,52.636749267578125,78.0
NbThermo.00166,50.9348030090332,67.0
NbThermo.00167,51.18612289428711,63.0
NbThermo.00168,51.58802795410156,69.0
NbThermo.00169,51.20587921142578,70.0
NbThermo.00170,49.466087341308594,78.0
NbThermo.00171,50.242652893066406,71.0
NbThermo.00172,49.99793243408203,69.0
NbThermo.00173,50.24391174316406,74.0
NbThermo.00174,49.94828796386719,69.0
NbThermo.00175,50.37883758544922,70.0
NbThermo.00176,50.09685516357422,72.0
NbThermo.00177,53.62826919555664,66.0
NbThermo.00178,52.56205749511719,79.0
NbThermo.00179,51.39559555053711,66.0
NbThermo.00180,50.50636291503906,74.0
NbThermo.00184,51.24034118652344,66.0
NbThermo.00185,50.11426544189453,65.0
NbThermo.00186,52.68128204345703,61.0
NbThermo.00187,53.61142349243164,69.0
NbThermo.00188,52.746238708496094,69.0
NbThermo.00189,55.14424896240234,58.0
NbThermo.00190,52.268829345703125,49.0
NbThermo.00191,53.02303314208984,46.0
NbThermo.00192,50.05070114135742,70.0
NbThermo.00193,49.180423736572266,65.0
NbThermo.00194,52.98281097412109,70.0
NbThermo.00195,54.01893997192383,65.0
NbThermo.00196,51.8299446105957,64.0
NbThermo.00197,50.83773422241211,72.0
NbThermo.00198,50.87145233154297,62.0
NbThermo.00199,50.16481018066406,43.38
NbThermo.00200,50.366432189941406,57.47
NbThermo.00201,50.4766731262207,60.59
NbThermo.00202,50.47593688964844,60.01
NbThermo.00203,51.0135498046875,43.08
NbThermo.00204,50.10816955566406,51.16
NbThermo.00205,50.33226013183594,48.91
NbThermo.00206,50.2641487121582,50.74
NbThermo.00207,51.7479248046875,66.0
NbThermo.00208,50.178688049316406,52.35
NbThermo.00209,49.77573394775391,47.25
NbThermo.00210,50.85498046875,46.8
NbThermo.00211,50.907073974609375,47.02
NbThermo.00212,49.946922302246094,51.0
NbThermo.00213,52.28462600708008,50.0
NbThermo.00214,50.91704177856445,75.0
NbThermo.00215,48.62443542480469,60.0
NbThermo.00216,51.22146987915039,72.0
NbThermo.00217,52.98046112060547,54.0
NbThermo.00218,51.4957160949707,43.0
NbThermo.00219,53.27739715576172,54.0
NbThermo.00220,52.471038818359375,67.0
NbThermo.00221,50.65200805664063,68.0
NbThermo.00222,49.76485443115234,60.0
NbThermo.00224,49.92523956298828,60.0
NbThermo.00225,53.0595588684082,62.0
NbThermo.00226,51.71271896362305,46.0
NbThermo.00227,53.514190673828125,61.0
NbThermo.00228,53.19084548950195,62.0
NbThermo.00229,50.413360595703125,66.0
NbThermo.00230,53.423789978027344,65.0
NbThermo.00232,51.9637451171875,74.0
NbThermo.00233,49.68748092651367,70.0
NbThermo.00234,52.525150299072266,85.0
NbThermo.00235,52.03268051147461,85.0
NbThermo.00236,53.25304412841797,65.0
NbThermo.00237,52.55187225341797,65.0
NbThermo.00238,50.00555038452149,50.75
NbThermo.00239,51.49287033081055,59.0
NbThermo.00240,52.16551971435547,60.0
NbThermo.00241,48.66796875,48.0
NbThermo.00242,50.37586975097656,64.0
NbThermo.00243,50.68691253662109,63.0
NbThermo.00244,50.58491516113281,64.0
NbThermo.00245,50.7940559387207,65.0
NbThermo.00246,51.03302383422852,66.0
NbThermo.00247,52.18415069580078,79.1
NbThermo.00248,51.65060043334961,77.2
NbThermo.00249,51.63187026977539,81.4
NbThermo.00250,51.88227081298828,78.5
NbThermo.00251,51.34777069091797,75.5
NbThermo.00252,51.884124755859375,76.9
NbThermo.00253,51.920928955078125,76.5
NbThermo.00254,51.78566360473633,77.4
NbThermo.00255,52.19891357421875,77.6
NbThermo.00256,52.522743225097656,77.5
NbThermo.00257,51.25398254394531,70.8
NbThermo.00258,51.68428802490234,74.9
NbThermo.00259,51.79558944702149,78.1
NbThermo.00260,51.85192108154297,74.0
NbThermo.00261,51.54144287109375,76.0
NbThermo.00262,51.33991241455078,73.4
NbThermo.00263,52.21791076660156,77.3
NbThermo.00264,52.04108047485352,74.0
NbThermo.00265,51.39458084106445,80.0
NbThermo.00266,51.52130126953125,79.7
NbThermo.00267,51.9575424194336,79.0
NbThermo.00268,51.784549713134766,81.0
NbThermo.00269,51.50370407104492,81.6
NbThermo.00270,51.96847534179688,78.5
NbThermo.00271,51.273536682128906,80.9
NbThermo.00272,51.366432189941406,81.3
NbThermo.00273,51.709957122802734,78.5
NbThermo.00274,51.37194061279297,81.4
NbThermo.00275,51.70695877075195,81.9
NbThermo.00276,51.54983901977539,77.0
NbThermo.00277,51.54052734375,81.3
NbThermo.00278,51.55533218383789,81.5
NbThermo.00280,53.88052368164063,74.0
NbThermo.00281,52.20549011230469,75.0
NbThermo.00282,49.17603302001953,74.0
NbThermo.00283,52.62080383300781,95.0
NbThermo.00284,52.90194320678711,70.0
NbThermo.00285,53.875675201416016,74.0
NbThermo.00286,50.728328704833984,73.7
NbThermo.00287,49.77754974365234,75.6
NbThermo.00288,50.2181282043457,70.5
NbThermo.00289,49.95056915283203,63.9
NbThermo.00290,52.27290344238281,70.95
NbThermo.00291,52.90120315551758,73.8
NbThermo.00292,50.974700927734375,71.94
NbThermo.00293,53.00213623046875,56.0
NbThermo.00294,52.131813049316406,52.0
NbThermo.00295,52.369773864746094,49.0
NbThermo.00296,52.936485290527344,64.0
NbThermo.00297,51.98558807373047,62.0
NbThermo.00298,55.00664520263672,62.0
NbThermo.00299,52.8862533569336,74.5
NbThermo.00300,52.832611083984375,70.3
NbThermo.00301,53.721473693847656,57.8
NbThermo.00302,51.52759552001953,67.0
NbThermo.00303,53.44742584228516,60.7
NbThermo.00304,53.417781829833984,69.6
NbThermo.00305,50.66838455200195,71.6
NbThermo.00306,50.50327301025391,79.8
NbThermo.00307,51.15154266357422,67.2
NbThermo.00308,51.06925964355469,61.6
NbThermo.00309,51.26972961425781,68.6
NbThermo.00310,51.80438232421875,65.2
NbThermo.00311,51.62944793701172,67.5
NbThermo.00312,50.78862762451172,66.1
NbThermo.00313,50.74418640136719,66.5
NbThermo.00314,51.24556350708008,70.9
NbThermo.00315,50.78156280517578,66.8
NbThermo.00316,50.407371520996094,68.1
NbThermo.00317,52.15033721923828,78.0
NbThermo.00318,52.6083984375,73.2
NbThermo.00319,52.55912780761719,78.6
NbThermo.00320,52.36665725708008,76.0
NbThermo.00321,51.66639709472656,80.9
NbThermo.00322,52.03349304199219,63.3
NbThermo.00323,52.53749847412109,60.9
NbThermo.00324,51.4471321105957,64.7
NbThermo.00325,50.50480651855469,70.4
NbThermo.00326,53.41034698486328,58.0
NbThermo.00327,50.96192169189453,67.0
NbThermo.00328,52.53227996826172,57.0
NbThermo.00329,50.93318176269531,60.0
NbThermo.00330,52.5665283203125,60.0
NbThermo.00331_NbThermo.00342,52.49774169921875,75.5
NbThermo.00332_NbThermo.00343,52.16303253173828,68.0
NbThermo.00333_NbThermo.00344,52.58869171142578,71.5
NbThermo.00334_NbThermo.00345,52.44717788696289,70.0
NbThermo.00335_NbThermo.00346,52.63035583496094,58.5
NbThermo.00336_NbThermo.00347,53.43484878540039,56.0
NbThermo.00337_NbThermo.00348,53.61445617675781,55.5
NbThermo.00338_NbThermo.00349,53.54019165039063,57.0
NbThermo.00339_NbThermo.00350,54.40716552734375,53.5
NbThermo.00340_NbThermo.00351,53.67101287841797,46.0
NbThermo.00341,52.8781852722168,62.0
NbThermo.00352,52.665802001953125,54.0
NbThermo.00353,52.47106170654297,71.0
NbThermo.00354,51.92414474487305,59.0
NbThermo.00355,53.38162612915039,55.0
NbThermo.00356,51.2001953125,71.0
NbThermo.00357_NbThermo.00428,51.46159362792969,73.0
NbThermo.00358,51.244476318359375,55.0
NbThermo.00359,48.078125,47.0
NbThermo.00360,49.83564376831055,70.0
NbThermo.00361,49.76737976074219,72.0
NbThermo.00362,49.77802658081055,59.0
NbThermo.00363,50.4206657409668,71.0
NbThermo.00364,49.707496643066406,63.0
NbThermo.00365,50.2093505859375,85.0
NbThermo.00366,49.79829788208008,84.0
NbThermo.00367,50.14484405517578,85.0
NbThermo.00368,51.33611297607422,83.0
NbThermo.00369,50.61173248291016,82.0
NbThermo.00370,50.71852493286133,84.0
NbThermo.00371,50.77515411376953,74.0
NbThermo.00373,50.10337829589844,84.0
NbThermo.00374,50.5557861328125,75.0
NbThermo.00375,50.461158752441406,84.0
NbThermo.00376,50.43760681152344,73.0
NbThermo.00377,50.9066047668457,78.0
NbThermo.00378,51.13935470581055,76.0
NbThermo.00379,51.36833190917969,76.0
NbThermo.00380,50.84150314331055,76.0
NbThermo.00381,50.44791793823242,80.0
NbThermo.00382,51.88784408569336,79.0
NbThermo.00383,53.5196647644043,77.0
NbThermo.00384,48.9337043762207,67.0
NbThermo.00385,51.576805114746094,61.0
NbThermo.00386,48.84225845336914,63.0
NbThermo.00387,53.42253875732422,53.0
NbThermo.00388,52.9477767944336,58.0
NbThermo.00389,52.52192306518555,67.0
NbThermo.00390,54.96072769165039,66.0
NbThermo.00391,51.949893951416016,53.0
NbThermo.00392,53.76188659667969,62.0
NbThermo.00393,52.44370651245117,57.0
NbThermo.00394,52.47410583496094,63.0
NbThermo.00395,51.72862243652344,72.0
NbThermo.00396,52.49348831176758,64.0
NbThermo.00397,52.68578338623047,64.0
NbThermo.00398,51.03453826904297,72.0
NbThermo.00399,50.77809143066406,80.0
NbThermo.00400,50.299434661865234,57.0
NbThermo.00401,49.45784759521485,58.0
NbThermo.00402,48.39997100830078,63.0
NbThermo.00403,50.9392204284668,69.0
NbThermo.00404,51.23111343383789,63.0
NbThermo.00405,52.19060516357422,68.0
NbThermo.00406,52.3051872253418,62.0
NbThermo.00407,50.6077995300293,60.0
NbThermo.00408,49.59013366699219,60.0
NbThermo.00409,49.45134735107422,57.0
NbThermo.00410,51.68686676025391,61.0
NbThermo.00411,52.57169342041016,80.0
NbThermo.00412,53.48802947998047,56.0
NbThermo.00413,52.1195182800293,60.0
NbThermo.00414,52.2252082824707,61.0
NbThermo.00415,52.68121337890625,71.0
NbThermo.00416,50.21666717529297,79.0
NbThermo.00417,50.95489883422852,75.0
NbThermo.00418,50.99533462524414,57.0
NbThermo.00419,51.09847259521485,70.0
NbThermo.00420,50.77680969238281,62.0
NbThermo.00421,49.62800216674805,60.0
NbThermo.00422,52.991676330566406,59.0
NbThermo.00423,53.199485778808594,81.0
NbThermo.00424,53.19713592529297,81.0
NbThermo.00425,50.85758590698242,86.0
NbThermo.00426,51.49673080444336,87.0
NbThermo.00427,51.16055679321289,85.0
NbThermo.00429_NbThermo.00430,52.470176696777344,80.5
NbThermo.00431,51.95333099365234,76.0
NbThermo.00432_NbThermo.00433,52.527122497558594,81.5
NbThermo.00434,50.98102569580078,89.0
NbThermo.00435,51.621620178222656,89.0
NbThermo.00436,51.07699966430664,88.0
NbThermo.00437,52.52501678466797,48.0
NbThermo.00438,49.51231002807617,68.0
NbThermo.00439,52.1339111328125,70.0
NbThermo.00440,51.84428787231445,65.0
NbThermo.00441,51.80583953857422,71.0
NbThermo.00442,51.09531784057617,66.0
NbThermo.00443,51.2578125,75.0
NbThermo.00444,49.736328125,46.0
NbThermo.00445,52.35418701171875,65.0
NbThermo.00446,52.58629608154297,71.0
NbThermo.00447,53.68833160400391,73.0
NbThermo.00448,53.68534851074219,86.0
NbThermo.00449,53.552547454833984,60.0
NbThermo.00450,53.84380340576172,66.0
NbThermo.00451,53.63517761230469,75.0
NbThermo.00452,50.44735336303711,65.0
NbThermo.00453,50.78475189208984,58.0
NbThermo.00454,49.600982666015625,74.0
NbThermo.00455,50.34907531738281,55.0
NbThermo.00456,50.30638122558594,53.0
NbThermo.00457,50.264408111572266,65.0
NbThermo.00458,50.20465850830078,58.0
NbThermo.00459,51.01052474975586,50.0
NbThermo.00460,49.98215866088867,50.0
NbThermo.00461,49.71133041381836,74.0
NbThermo.00462,49.03878784179688,70.0
NbThermo.00463,50.8361701965332,60.0
NbThermo.00464,49.41607666015625,77.0
NbThermo.00465,49.733497619628906,62.0
NbThermo.00466,49.841835021972656,65.0
NbThermo.00467,49.27888870239258,77.0
NbThermo.00468,49.36745071411133,75.0
NbThermo.00469,50.622169494628906,68.0
NbThermo.00470,50.09280776977539,78.0
NbThermo.00471,50.167213439941406,64.0
NbThermo.00472,50.302642822265625,68.0
NbThermo.00473,51.55080795288086,65.0
NbThermo.00474,54.02397918701172,59.0
NbThermo.00475_NbThermo.00476,54.82704925537109,52.5
NbThermo.00477,50.54075241088867,65.0
NbThermo.00478,51.32868576049805,55.0
NbThermo.00479,51.23766326904297,61.0
NbThermo.00480,51.61158752441406,59.0
NbThermo.00481,51.89839172363281,80.7
NbThermo.00482,52.123756408691406,81.7
NbThermo.00483,52.00943756103516,80.7
NbThermo.00484,52.390602111816406,81.9
NbThermo.00489,50.598419189453125,55.0
NbThermo.00490,50.78346633911133,57.0
NbThermo.00492,52.11354446411133,64.1
NbThermo.00493,52.65180206298828,60.1
NbThermo.00494,53.48381042480469,66.7
NbThermo.00495,52.17837905883789,84.7
NbThermo.00496,50.69003677368164,73.1
NbThermo.00497,52.55330657958984,75.1
NbThermo.00498,50.65084457397461,72.4
NbThermo.00499,50.83152389526367,74.6
NbThermo.00500,51.89902114868164,77.2
NbThermo.00501,52.15966796875,93.6
NbThermo.00502,51.63055419921875,84.7
NbThermo.00503,52.84039688110352,78.8
NbThermo.00504,50.99591827392578,79.1
NbThermo.00505,51.80447006225586,80.1
NbThermo.00506,52.33406448364258,85.3
NbThermo.00508,51.72990798950195,58.0
NbThermo.00509,53.173221588134766,58.0
NbThermo.00510,52.04883575439453,61.0
NbThermo.00511,53.053253173828125,55.0
NbThermo.00512,52.42554473876953,56.0
NbThermo.00513,52.94444274902344,67.0
NbThermo.00514,52.68523788452149,56.0
NbThermo.00515,52.597415924072266,58.0
NbThermo.00516,52.36244583129883,60.0
NbThermo.00517,51.72761917114258,71.0
NbThermo.00518,52.26153945922852,71.0
NbThermo.00519,51.28224182128906,65.0
bioGUNE_WT,51.621673583984375,60.16
bioGUNE_V80A,51.671165466308594,58.1
bioGUNE_I71A,50.46186828613281,49.78
bioGUNE_L21A,51.52740478515625,40.66
bioGUNE_C21A_C90A,52.72587585449219,39.4
bioGUNE_C21A,51.53769302368164,37.1
bioGUNE_L82A,52.10271835327149,35.66
bioGUNE_C21G,51.8330078125,34.05
bioGUNE_L82A_S7C,52.67652130126953,33.41
bioGUNE_C21G_C90A,52.70922088623047,33.17
bioGUNE_L82A_A74C,52.265438079833984,33.12
bioGUNE_C21G_C90M,52.41622161865234,32.6
bioGUNE_C21G_C90W,52.3165283203125,32.31
bioGUNE_C21A_C90M,52.37963485717773,32.3
bioGUNE_L82A_D72C,52.54017639160156,32.16
bioGUNE_C21S_C90S,52.12486267089844,32.13
bioGUNE_L82A_K75C,52.10520553588867,32.03
bioGUNE_L82A_Q105C,51.43867874145508,29.6
bioGUNE_W37A,51.060054779052734,26.64
H11-D4,50.14286422729492,67.6
H11-D4_T111H,49.87564086914063,67.1
H11-D4_Y88P_T111H,49.44501876831055,71.7
H11-D4_Y88P_W112I,49.35523986816406,73.7
H11-D4_Y88P_T111H_W112I,49.17039489746094,73.25
H11-H4,49.819091796875,63.6
H11-H4_Y88P,49.96934127807617,69.6
H11-H4_T111H,49.66100311279297,63.2
H11-H4_Y88P_T111H,49.95355987548828,69.45
H11-H4_Y88P_L106P_T111H,49.63141632080078,70.2
Nb.B201_WT,52.612552642822266,70.1
Nb.B201_A31D,52.49723052978516,72.65
Nb.B201_H53P,52.61476516723633,70.45
Nb.B201_H53R,52.88614273071289,71.3
Nb.B201_T55D,52.42911529541016,76.6
Nb.B201_T55G,52.41474151611328,80.65
Nb.B201_T100K,52.925724029541016,74.65
Nb.B201_T100R,53.13772201538086,73.1
Nb.B201_A31D_T55D,52.355316162109375,78.5
Nb.B201_A31D_T55G,52.29336166381836,82.9
Nb.B201_H53P_T55G,52.38568878173828,80.4
Nb.B201_A31D_H53P_T55G,52.336273193359375,82.0
Nb.B201_A31D_H53P_T55G_T100K,52.64042663574219,83.7
4W70,51.07897186279297,60.0
5SV3,51.80339431762695,70.7
Nb4,50.57519912719727,77.0
Nb5,52.035133361816406,76.8
Nb6,48.07978439331055,74.3
4A_sdAb_2505,54.67625427246094,55.5
5A_sdAb_1510,51.09197235107422,64.6
7A_5vxm,50.727081298828125,66.9
8A_sdAb_8797,54.4111442565918,74.2
9A_6itc,52.60231018066406,70.1
10A_6xxp,51.2244987487793,64.3
12A_3r0m,52.38421630859375,75.2
sdab33.Nb1,52.92560958862305,57.9
sdab35.Nb4,51.61827850341797,75.6
sdab36.Nb7,56.552024841308594,51.8
sdab561.H3,50.4512825012207,57.0
sdab562.H1,50.02757263183594,65.0
sdab563.F8,49.29232025146485,59.0
sdab564.D1,48.9901123046875,49.0
sdab565.F11,48.371803283691406,54.0
sdab566.H1W,49.64215850830078,71.0
sdab442.F11,49.98215866088867,50.0
sdab451.H1Wneg+,49.914306640625,68.0
sdab484.Z18,52.88800430297852,59.0
sdab567.C10,51.24739074707031,66.0
sdab497.A3,51.54282379150391,80.0
sdab498.A3,51.038063049316406,79.0
sdab499.A3,50.13179397583008,77.0
sdab512.A3-ds,50.70753479003906,62.2
sdab513.A3-ds,51.05800628662109,64.6
sdab514.A3-ds,52.292510986328125,61.2
sdab515.A3-ds,50.42869186401367,69.5
sdab516.A3-ds,50.8457260131836,64.8
sdab518.SEB,50.082481384277344,65.3
sdab519.SEB,50.6689453125,70.9
sdab520.SEB,50.77545928955078,65.5
sdab521.SEB,50.232666015625,73.0
sdab522.SEB,50.40668869018555,70.9
sdab524.SEB,52.49944686889648,65.1
sdab525.SEB,53.40226745605469,66.9
sdab526.SEB,53.97098159790039,60.4
sdab527.SEB,52.56184387207031,56.2
sdab528.SEB,50.940555572509766,58.5
sdab529.SEB,49.61782836914063,62.1
sdab530.NbD1_1_5,52.52065658569336,70.5
sdab531.NbD2_1_5,49.79152297973633,65.5
sdab532.NbD3,52.4598503112793,58.0
sdab533.NbD3_1_5,51.82766342163086,62.0
sdab534.NbD4_1_5,47.42500305175781,56.0
sdab535.NbD5,52.620513916015625,54.0
sdab536.NbD5_1_5,51.70479965209961,54.0
sdab537.NbD6_1_5,49.25772857666016,67.0
sdab539.NbD8_1_5,52.614723205566406,54.0
sdab540.NbD9_NC,52.017608642578125,62.0
sdab541.NbD10_NC,51.56142044067383,55.5
sdab542.NbD11,53.26813507080078,55.0
sdab543.NbD11_NC,53.118690490722656,52.0
sdab544.NbD12_NC,50.6071662902832,46.0
sdab545.NbD1_NC,51.704139709472656,52.0
sdab546.NbD4_NC,49.855804443359375,53.0
sdab547.NbPep46,51.09085464477539,75.3
sdab550.EBOV-GP-G6,52.10411834716797,67.0
sdab551.EBOV-GP-H7,53.19478225708008,68.0
sdab552.EBOV-GP-A8,50.38775253295898,60.0
sdab553.EBOV-GP-D1,52.22469329833984,51.0
sdab554.EBOV-GP-B5,51.724891662597656,60.0
sdab557.EBOV-GP-G3,53.7442626953125,61.0
sdab559.C8,49.604736328125,60.0
sdab560.E9,49.89704132080078,58.0
NB-AGT-1,50.88579177856445,70.65
NB-AGT-2,50.19934844970703,85.51
NB-AGT-6,50.283809661865234,71.68
NB-AGT-2-L22V,50.50807571411133,80.09
NB-AGT-2-L22A,49.8652572631836,73.37
NB-AGT-2-I72V,49.90745162963867,84.17
NB-AGT-2-I72A,49.76388549804688,78.92
NB-AGT-2-L22V-I72V,50.26749038696289,78.72
NB-AGT-2-L22V-I72A,50.23592376708984,72.78
NB-AGT-2-L22A-I72V,49.474151611328125,71.23
NB-AGT-2-L22A-I72A,49.368839263916016,64.72
NB-extra,52.95695114135742,75.2
NB-extra-CA-CV,51.89569091796875,54.0
NB-extra-CA-CA,52.20616149902344,57.5
